X,Y,interval,paramA,paramB,bound,heavyMem
0.0052160710202766025,0.0,1,1.4,0.3,-1.2,True
0.04890054374426728,0.9982170528562039,1,1.4,0.3,-1.2,True
0.9982170528562039,-0.38034203533481525,1,1.4,0.3,-1.2,True
-0.38034203533481525,1.0969410264771793,1,1.4,0.3,-1.2,True
1.0969410264771793,-0.7986940723967753,1,1.4,0.3,-1.2,True
-0.7986940723967753,0.43600519814871047,1,1.4,0.3,-1.2,True
0.43600519814871047,0.4942510323431926,1,1.4,0.3,-1.2,True
0.4942510323431926,0.7888038432833769,1,1.4,0.3,-1.2,True
0.7888038432833769,0.277179205252881,1,1.4,0.3,-1.2,True
0.277179205252881,1.1290815164305468,1,1.4,0.3,-1.2,True
1.1290815164305468,-0.7016013374672799,1,1.4,0.3,-1.2,True
-0.7016013374672799,0.6495822434989377,1,1.4,0.3,-1.2,True
0.6495822434989377,0.19877967126305762,1,1.4,0.3,-1.2,True
0.19877967126305762,1.1395559722592523,1,1.4,0.3,-1.2,True
1.1395559722592523,-0.7583890380975042,1,1.4,0.3,-1.2,True
-0.7583890380975042,0.536651285328735,1,1.4,0.3,-1.2,True
0.536651285328735,0.36929084570777226,1,1.4,0.3,-1.2,True
0.36929084570777226,0.9700693653856342,1,1.4,0.3,-1.2,True
0.9700693653856342,-0.20666114941122993,1,1.4,0.3,-1.2,True
-0.20666114941122993,1.2312284466693313,1,1.4,0.3,-1.2,True
1.2312284466693313,-1.184291227866253,1,1.4,0.3,-1.2,True
-1.184291227866253,-0.5941954633605403,1,1.4,0.3,-1.2,True
-0.5941954633605403,0.15041708349057809,1,1.4,0.3,-1.2,True
0.15041708349057809,0.7900659423837018,1,1.4,0.3,-1.2,True
0.7900659423837018,0.17123925440666804,1,1.4,0.3,-1.2,True
0.17123925440666804,1.1959677475654584,1,1.4,0.3,-1.2,True
1.1959677475654584,-0.9511026181815142,1,1.4,0.3,-1.2,True
-0.9511026181815142,0.09235565783321409,1,1.4,0.3,-1.2,True
0.09235565783321409,0.7027278199982178,1,1.4,0.3,-1.2,True
0.7027278199982178,0.33634975275073775,1,1.4,0.3,-1.2,True
0.33634975275073775,1.05243472735379,1,1.4,0.3,-1.2,True
1.05243472735379,-0.4497614716511233,1,1.4,0.3,-1.2,True
-0.4497614716511233,1.0325308842716392,1,1.4,0.3,-1.2,True
1.0325308842716392,-0.6274964792600194,1,1.4,0.3,-1.2,True
-0.6274964792600194,0.7585067012042839,1,1.4,0.3,-1.2,True
0.7585067012042839,0.006285674141467662,1,1.4,0.3,-1.2,True
0.006285674141467662,1.2274966967821075,1,1.4,0.3,-1.2,True
1.2274966967821075,-1.1075616946129387,1,1.4,0.3,-1.2,True
-1.1075616946129387,-0.349121061288806,1,1.4,0.3,-1.2,True
-0.349121061288806,0.4970917700065273,1,1.4,0.3,-1.2,True
0.4970917700065273,0.5493233626818471,1,1.4,0.3,-1.2,True
0.5493233626818471,0.7266689114986292,1,1.4,0.3,-1.2,True
0.7266689114986292,0.4255302190905106,1,1.4,0.3,-1.2,True
0.4255302190905106,0.9644943191466837,1,1.4,0.3,-1.2,True
0.9644943191466837,-0.17468994260556178,1,1.4,0.3,-1.2,True
-0.17468994260556178,1.2466250892774569,1,1.4,0.3,-1.2,True
1.2466250892774569,-1.2281107412841066,1,1.4,0.3,-1.2,True
-1.2281107412841066,-0.7375708632171198,1,1.4,0.3,-1.2,True
-0.7375708632171198,-0.1300483119588181,1,1.4,0.3,-1.2,True
-0.1300483119588181,0.7550511522141907,1,1.4,0.3,-1.2,True
0.7550511522141907,0.16284236696838683,1,1.4,0.3,-1.2,True
0.16284236696838683,1.1893906545924438,1,1.4,0.3,-1.2,True
1.1893906545924438,-0.9316574708340626,1,1.4,0.3,-1.2,True
-0.9316574708340626,0.14163729623244214,1,1.4,0.3,-1.2,True
0.14163729623244214,0.6924171855921302,1,1.4,0.3,-1.2,True
0.6924171855921302,0.3712730064050757,1,1.4,0.3,-1.2,True
0.3712730064050757,1.0147440522785502,1,1.4,0.3,-1.2,True
1.0147440522785502,-0.3302057863670476,1,1.4,0.3,-1.2,True
-0.3302057863670476,1.1517730097931727,1,1.4,0.3,-1.2,True
1.1517730097931727,-0.9562752284333473,1,1.4,0.3,-1.2,True
-0.9562752284333473,0.06528466541660105,1,1.4,0.3,-1.2,True
0.06528466541660105,0.7071505089160153,1,1.4,0.3,-1.2,True
0.7071505089160153,0.3194988204607292,1,1.4,0.3,-1.2,True
0.3194988204607292,1.0692338578886884,1,1.4,0.3,-1.2,True
1.0692338578886884,-0.5047158138595202,1,1.4,0.3,-1.2,True
-0.5047158138595202,0.9641368835027775,1,1.4,0.3,-1.2,True
0.9641368835027775,-0.4527986463404837,1,1.4,0.3,-1.2,True
-0.4527986463404837,1.002203805271949,1,1.4,0.3,-1.2,True
1.002203805271949,-0.5420170481243498,1,1.4,0.3,-1.2,True
-0.5420170481243498,0.8893656689411775,1,1.4,0.3,-1.2,True
0.8893656689411775,-0.26996492476496836,1,1.4,0.3,-1.2,True
-0.26996492476496836,1.1647762158376562,1,1.4,0.3,-1.2,True
1.1647762158376562,-0.9803745636030169,1,1.4,0.3,-1.2,True
-0.9803745636030169,0.0038448658075688202,1,1.4,0.3,-1.2,True
0.0038448658075688202,0.7058669347287854,1,1.4,0.3,-1.2,True
0.7058669347287854,0.3036060783814948,1,1.4,0.3,-1.2,True
0.3036060783814948,1.0827127692563692,1,1.4,0.3,-1.2,True
1.0827127692563692,-0.5500918934806653,1,1.4,0.3,-1.2,True
-0.5500918934806653,0.9011723029945097,1,1.4,0.3,-1.2,True
0.9011723029945097,-0.30198369560239924,1,1.4,0.3,-1.2,True
-0.30198369560239924,1.1426798775247975,1,1.4,0.3,-1.2,True
1.1426798775247975,-0.9185993321808401,1,1.4,0.3,-1.2,True
-0.9185993321808401,0.16144933694111974,1,1.4,0.3,-1.2,True
0.16144933694111974,0.6879279565875298,1,1.4,0.3,-1.2,True
0.6879279565875298,0.385891978245764,1,1.4,0.3,-1.2,True
0.385891978245764,0.997900720552058,1,1.4,0.3,-1.2,True
0.997900720552058,-0.27836059383591394,1,1.4,0.3,-1.2,True
-0.27836059383591394,1.1908917478846617,1,1.4,0.3,-1.2,True
1.1908917478846617,-1.0690205954024725,1,1.4,0.3,-1.2,True
-1.0690205954024725,-0.24265952238712102,1,1.4,0.3,-1.2,True
-0.24265952238712102,0.5968567200520543,1,1.4,0.3,-1.2,True
0.5968567200520543,0.4284690213040489,1,1.4,0.3,-1.2,True
0.4284690213040489,0.922037032911467,1,1.4,0.3,-1.2,True
0.922037032911467,-0.06167249969303962,1,1.4,0.3,-1.2,True
-0.06167249969303962,1.2712862137676968,1,1.4,0.3,-1.2,True
1.2712862137676968,-1.2811378421500401,1,1.4,0.3,-1.2,True
-1.2811378421500401,-0.9164539746940963,1,1.4,0.3,-1.2,True
-0.9164539746940963,-0.5601843954706621,1,1.4,0.3,-1.2,True
-0.5601843954706621,0.2857346278914076,1,1.4,0.3,-1.2,True
0.2857346278914076,0.7176426927520638,1,1.4,0.3,-1.2,True
0.7176426927520638,0.36470494012281607,1,1.4,0.3,-1.2,True
0.36470494012281607,1.0290792371356376,1,1.4,0.3,-1.2,True
1.0290792371356376,-0.37319422478828734,1,1.4,0.3,-1.2,True
-0.37319422478828734,1.1137402699592283,1,1.4,0.3,-1.2,True
1.1137402699592283,-0.8485426119368825,1,1.4,0.3,-1.2,True
-0.8485426119368825,0.326087691006035,1,1.4,0.3,-1.2,True
0.326087691006035,0.5965707613030289,1,1.4,0.3,-1.2,True
0.5965707613030289,0.5995709647634649,1,1.4,0.3,-1.2,True
0.5995709647634649,0.6756917498885597,1,1.4,0.3,-1.2,True
0.6756917498885597,0.5406882122145901,1,1.4,0.3,-1.2,True
0.5406882122145901,0.7934262850076346,1,1.4,0.3,-1.2,True
0.7934262850076346,0.2808710860269544,1,1.4,0.3,-1.2,True
0.2808710860269544,1.1275838917499452,1,1.4,0.3,-1.2,True
1.1275838917499452,-0.6957622802994466,1,1.4,0.3,-1.2,True
-0.6957622802994466,0.6605559565625035,1,1.4,0.3,-1.2,True
0.6605559565625035,0.18040347545988036,1,1.4,0.3,-1.2,True
0.18040347545988036,1.1526032074275459,1,1.4,0.3,-1.2,True
1.1526032074275459,-0.8057707726432086,1,1.4,0.3,-1.2,True
-0.8057707726432086,0.43680780896381705,1,1.4,0.3,-1.2,True
0.43680780896381705,0.49114728144655867,1,1.4,0.3,-1.2,True
0.49114728144655867,0.7933264297878619,1,1.4,0.3,-1.2,True
0.7933264297878619,0.26623063055403007,1,1.4,0.3,-1.2,True
0.26623063055403007,1.1387676808330836,1,1.4,0.3,-1.2,True
1.1387676808330836,-0.7356393741077344,1,1.4,0.3,-1.2,True
-0.7356393741077344,0.5839989000172583,1,1.4,0.3,-1.2,True
0.5839989000172583,0.3018315864577649,1,1.4,0.3,-1.2,True
0.3018315864577649,1.0476564407881217,1,1.4,0.3,-1.2,True
1.0476564407881217,-0.4460681491574397,1,1.4,0.3,-1.2,True
-0.4460681491574397,1.0357294210665953,1,1.4,0.3,-1.2,True
1.0357294210665953,-0.6356500518753542,1,1.4,0.3,-1.2,True
-0.6356500518753542,0.7450474424911819,1,1.4,0.3,-1.2,True
0.7450474424911819,0.032171016249682355,1,1.4,0.3,-1.2,True
0.032171016249682355,1.2220652687462024,1,1.4,0.3,-1.2,True
1.2220652687462024,-1.081169624631114,1,1.4,0.3,-1.2,True
-1.081169624631114,-0.26987927949111656,1,1.4,0.3,-1.2,True
-0.26987927949111656,0.5736803569125639,1,1.4,0.3,-1.2,True
0.5736803569125639,0.4582834034824077,1,1.4,0.3,-1.2,True
0.4582834034824077,0.8780709580033821,1,1.4,0.3,-1.2,True
0.8780709580033821,0.05807297084015442,1,1.4,0.3,-1.2,True
0.05807297084015442,1.2586998294819327,1,1.4,0.3,-1.2,True
1.2586998294819327,-1.2006334737809385,1,1.4,0.3,-1.2,True
-1.2006334737809385,-0.640519084864017,1,1.4,0.3,-1.2,True
-0.640519084864017,0.0654393805606655,1,1.4,0.3,-1.2,True
0.0654393805606655,0.8018490370013658,1,1.4,0.3,-1.2,True
0.8018490370013658,0.11948518477217501,1,1.4,0.3,-1.2,True
0.11948518477217501,1.2205673179683525,1,1.4,0.3,-1.2,True
1.2205673179683525,-1.0498528533377878,1,1.4,0.3,-1.2,True
-1.0498528533377878,-0.17689722373558653,1,1.4,0.3,-1.2,True
-0.17689722373558653,0.6412344651271622,1,1.4,0.3,-1.2,True
0.6412344651271622,0.37127653790563914,1,1.4,0.3,-1.2,True
0.37127653790563914,0.9993855648992721,1,1.4,0.3,-1.2,True
0.9993855648992721,-0.2868971488889604,1,1.4,0.3,-1.2,True
-0.2868971488889604,1.1845817058129215,1,1.4,0.3,-1.2,True
1.1845817058129215,-1.0505964895119995,1,1.4,0.3,-1.2,True
-1.0505964895119995,-0.18987966554103486,1,1.4,0.3,-1.2,True
-0.18987966554103486,0.6343450508060349,1,1.4,0.3,-1.2,True
0.6343450508060349,0.3796849994627342,1,1.4,0.3,-1.2,True
0.3796849994627342,0.9884785368979874,1,1.4,0.3,-1.2,True
0.9884785368979874,-0.25402024523235966,1,1.4,0.3,-1.2,True
-0.25402024523235966,1.2062067620863248,1,1.4,0.3,-1.2,True
1.2062067620863248,-1.113114727633594,1,1.4,0.3,-1.2,True
-1.113114727633594,-0.3727721269988368,1,1.4,0.3,-1.2,True
-0.3727721269988368,0.4715228995757902,1,1.4,0.3,-1.2,True
0.4715228995757902,0.5769009791462439,1,1.4,0.3,-1.2,True
0.5769009791462439,0.6755162342368842,1,1.4,0.3,-1.2,True
0.6755162342368842,0.5342192379392597,1,1.4,0.3,-1.2,True
0.5342192379392597,0.8031085984129005,1,1.4,0.3,-1.2,True
0.8031085984129005,0.257288982199151,1,1.4,0.3,-1.2,True
0.257288982199151,1.148255911018365,1,1.4,0.3,-1.2,True
1.148255911018365,-0.7687015974043161,1,1.4,0.3,-1.2,True
-0.7687015974043161,0.5172137691127834,1,1.4,0.3,-1.2,True
0.5172137691127834,0.394875404634913,1,1.4,0.3,-1.2,True
0.394875404634913,0.9368669114740142,1,1.4,0.3,-1.2,True
0.9368669114740142,-0.11034483235032791,1,1.4,0.3,-1.2,True
-0.11034483235032791,1.2640136986052135,1,1.4,0.3,-1.2,True
1.2640136986052135,-1.2699263320713825,1,1.4,0.3,-1.2,True
-1.2699263320713825,-0.878593934862021,1,1.4,0.3,-1.2,True
-0.878593934862021,-0.4616761229482755,1,1.4,0.3,-1.2,True
-0.4616761229482755,0.4380190400406222,1,1.4,0.3,-1.2,True
0.4380190400406222,0.5928922119021659,1,1.4,0.3,-1.2,True
0.5928922119021659,0.6392760671042468,1,1.4,0.3,-1.2,True
0.6392760671042468,0.605724217609467,1,1.4,0.3,-1.2,True
0.605724217609467,0.6781202612132327,1,1.4,0.3,-1.2,True
0.6781202612132327,0.5379313411477762,1,1.4,0.3,-1.2,True
0.5379313411477762,0.7983178994593066,1,1.4,0.3,-1.2,True
0.7983178994593066,0.2691433463083655,1,1.4,0.3,-1.2,True
0.2691433463083655,1.1380819726309013,1,1.4,0.3,-1.2,True
1.1380819726309013,-0.7325798031059112,1,1.4,0.3,-1.2,True
-0.7325798031059112,0.5900821567030965,1,1.4,0.3,-1.2,True
0.5900821567030965,0.2927503267450978,1,1.4,0.3,-1.2,True
0.2927503267450978,1.0570407916778228,1,1.4,0.3,-1.2,True
1.0570407916778228,-0.47644423135570024,1,1.4,0.3,-1.2,True
-0.47644423135570024,0.9993134896743732,1,1.4,0.3,-1.2,True
0.9993134896743732,-0.5410117003099528,1,1.4,0.3,-1.2,True
-0.5410117003099528,0.8900229230811393,1,1.4,0.3,-1.2,True
0.8900229230811393,-0.27130063514683955,1,1.4,0.3,-1.2,True
-0.27130063514683955,1.1639612284408318,1,1.4,0.3,-1.2,True
1.1639612284408318,-0.9781182283829383,1,1.4,0.3,-1.2,True
-0.9781182283829383,0.00978699235928071,1,1.4,0.3,-1.2,True
0.00978699235928071,0.7064304321779017,1,1.4,0.3,-1.2,True
0.7064304321779017,0.3042745599979045,1,1.4,0.3,-1.2,True
0.3042745599979045,1.0823129186466847,1,1.4,0.3,-1.2,True
1.0823129186466847,-0.5486793874179356,1,1.4,0.3,-1.2,True
-0.5486793874179356,0.9032251773457558,1,1.4,0.3,-1.2,True
0.9032251773457558,-0.30674582561316144,1,1.4,0.3,-1.2,True
-0.30674582561316144,1.1392373510601868,1,1.4,0.3,-1.2,True
1.1392373510601868,-0.9090301865548319,1,1.4,0.3,-1.2,True
-0.9090301865548319,0.18490097322297855,1,1.4,0.3,-1.2,True
0.18490097322297855,0.679427226175224,1,1.4,0.3,-1.2,True
0.679427226175224,0.409200394031471,1,1.4,0.3,-1.2,True
0.409200394031471,0.9694052203868516,1,1.4,0.3,-1.2,True
0.9694052203868516,-0.19288495562915123,1,1.4,0.3,-1.2,True
-0.19288495562915123,1.2387351175647718,1,1.4,0.3,-1.2,True
1.2387351175647718,-1.206116054772238,1,1.4,0.3,-1.2,True
-1.206116054772238,-0.664981777341656,1,1.4,0.3,-1.2,True
-0.664981777341656,0.01908411369327384,1,1.4,0.3,-1.2,True
0.01908411369327384,0.7999955820438623,1,1.4,0.3,-1.2,True
0.7999955820438623,0.10973513030240484,1,1.4,0.3,-1.2,True
0.10973513030240484,1.2231401562616786,1,1.4,0.3,-1.2,True
1.2231401562616786,-1.0615800395130595,1,1.4,0.3,-1.2,True
-1.0615800395130595,-0.21079100553106472,1,1.4,0.3,-1.2,True
-0.21079100553106472,0.6193200009281659,1,1.4,0.3,-1.2,True
0.6193200009281659,0.3997825293711519,1,1.4,0.3,-1.2,True
0.3997825293711519,0.9620395011718955,1,1.4,0.3,-1.2,True
0.9620395011718955,-0.17579324372975175,1,1.4,0.3,-1.2,True
-0.17579324372975175,1.2453472799941296,1,1.4,0.3,-1.2,True
1.2453472799941296,-1.2239837600232133,1,1.4,0.3,-1.2,True
-1.2239837600232133,-0.7237865587225489,1,1.4,0.3,-1.2,True
-0.7237865587225489,-0.1006089036293657,1,1.4,0.3,-1.2,True
-0.1006089036293657,0.7686930202979311,1,1.4,0.3,-1.2,True
0.7686930202979311,0.14257278567453266,1,1.4,0.3,-1.2,True
0.14257278567453266,1.2021501071883844,1,1.4,0.3,-1.2,True
1.2021501071883844,-0.980458996595902,1,1.4,0.3,-1.2,True
-0.980458996595902,0.014825250548335278,1,1.4,0.3,-1.2,True
0.014825250548335278,0.7055545977458801,1,1.4,0.3,-1.2,True
0.7055545977458801,0.3075173686040096,1,1.4,0.3,-1.2,True
0.3075173686040096,1.079272674533376,1,1.4,0.3,-1.2,True
1.079272674533376,-0.5385060978109943,1,1.4,0.3,-1.2,True
-0.5385060978109943,0.9177974580285388,1,1.4,0.3,-1.2,True
0.9177974580285388,-0.3408448728924047,1,1.4,0.3,-1.2,True
-0.3408448728924047,1.1126939190807064,1,1.4,0.3,-1.2,True
1.1126939190807064,-0.8355763224505756,1,1.4,0.3,-1.2,True
-0.8355763224505756,0.35634526882817236,1,1.4,0.3,-1.2,True
0.35634526882817236,0.571552372402116,1,1.4,0.3,-1.2,True
0.571552372402116,0.6495626204905698,1,1.4,0.3,-1.2,True
0.6495626204905698,0.5807614746066285,1,1.4,0.3,-1.2,True
0.5807614746066285,0.7226713396049991,1,1.4,0.3,-1.2,True
0.7226713396049991,0.44307303126091113,1,1.4,0.3,-1.2,True
0.44307303126091113,0.9419622064384745,1,1.4,0.3,-1.2,True
0.9419622064384745,-0.10928800832354155,1,1.4,0.3,-1.2,True
-0.10928800832354155,1.2658672456628852,1,1.4,0.3,-1.2,True
1.2658672456628852,-1.2761742395960578,1,1.4,0.3,-1.2,True
-1.2761742395960578,-0.9003087920331412,1,1.4,0.3,-1.2,True
-0.9003087920331412,-0.5176305612958606,1,1.4,0.3,-1.2,True
-0.5176305612958606,0.3547894052076029,1,1.4,0.3,-1.2,True
0.3547894052076029,0.6684851007446514,1,1.4,0.3,-1.2,True
0.6684851007446514,0.48081555967765943,1,1.4,0.3,-1.2,True
0.48081555967765943,0.8768884868239981,1,1.4,0.3,-1.2,True
0.8768884868239981,0.06773788224902444,1,1.4,0.3,-1.2,True
0.06773788224902444,1.2566427570789835,1,1.4,0.3,-1.2,True
1.2566427570789835,-1.1904900618119894,1,1.4,0.3,-1.2,True
-1.1904900618119894,-0.6071803950586647,1,1.4,0.3,-1.2,True
-0.6071803950586647,0.1267177364553686,1,1.4,0.3,-1.2,True
0.1267177364553686,0.7953655428570794,1,1.4,0.3,-1.2,True
0.7953655428570794,0.15236643546653933,1,1.4,0.3,-1.2,True
0.15236643546653933,1.206107919937633,1,1.4,0.3,-1.2,True
1.206107919937633,-0.9908649097108355,1,1.4,0.3,-1.2,True
-0.9908649097108355,-0.012706201033477027,1,1.4,0.3,-1.2,True
-0.012706201033477027,0.7025145005241649,1,1.4,0.3,-1.2,True
0.7025145005241649,0.3052508668645534,1,1.4,0.3,-1.2,True
0.3052508668645534,1.0803050217470638,1,1.4,0.3,-1.2,True
1.0803050217470638,-0.5423072559573274,1,1.4,0.3,-1.2,True
-0.5423072559573274,0.9123554827145665,1,1.4,0.3,-1.2,True
0.9123554827145665,-0.32804171436225954,1,1.4,0.3,-1.2,True
-0.32804171436225954,1.1230507319079475,1,1.4,0.3,-1.2,True
1.1230507319079475,-0.8641526393232448,1,1.4,0.3,-1.2,True
-0.8641526393232448,0.29145152190332235,1,1.4,0.3,-1.2,True
0.29145152190332235,0.6218326227353586,1,1.4,0.3,-1.2,True
0.6218326227353586,0.5460893215938881,1,1.4,0.3,-1.2,True
0.5460893215938881,0.7690508207981853,1,1.4,0.3,-1.2,True
0.7690508207981853,0.33581196551965886,1,1.4,0.3,-1.2,True
0.33581196551965886,1.0728376995788085,1,1.4,0.3,-1.2,True
1.0728376995788085,-0.5106294318366718,1,1.4,0.3,-1.2,True
-0.5106294318366718,0.9568119265526634,1,1.4,0.3,-1.2,True
0.9568119265526634,-0.4348735174617888,1,1.4,0.3,-1.2,True
-0.4348735174617888,1.022282611300375,1,1.4,0.3,-1.2,True
1.022282611300375,-0.5935484875524953,1,1.4,0.3,-1.2,True
-0.5935484875524953,0.8134650534839158,1,1.4,0.3,-1.2,True
0.8134650534839158,-0.10448009680117462,1,1.4,0.3,-1.2,True
-0.10448009680117462,1.2287569891665588,1,1.4,0.3,-1.2,True
1.2287569891665588,-1.1451252628362856,1,1.4,0.3,-1.2,True
-1.1451252628362856,-0.4672095178702531,1,1.4,0.3,-1.2,True
-0.4672095178702531,0.35086379412513824,1,1.4,0.3,-1.2,True
0.35086379412513824,0.6874895817998818,1,1.4,0.3,-1.2,True
0.6874895817998818,0.4435604431208145,1,1.4,0.3,-1.2,True
0.4435604431208145,0.930802661157818,1,1.4,0.3,-1.2,True
0.930802661157818,-0.0798828986896217,1,1.4,0.3,-1.2,True
-0.0798828986896217,1.2703070098430664,1,1.4,0.3,-1.2,True
1.2703070098430664,-1.283116728565892,1,1.4,0.3,-1.2,True
-1.283116728565892,-0.9238518518229715,1,1.4,0.3,-1.2,True
-0.9238518518229715,-0.5798381603331944,1,1.4,0.3,-1.2,True
-0.5798381603331944,0.25214723540309214,1,1.4,0.3,-1.2,True
0.25214723540309214,0.7370390322500504,1,1.4,0.3,-1.2,True
0.7370390322500504,0.3151270215368005,1,1.4,0.3,-1.2,True
0.3151270215368005,1.0820846540912978,1,1.4,0.3,-1.2,True
1.0820846540912978,-0.544731971606797,1,1.4,0.3,-1.2,True
-0.544731971606797,0.9091993069805098,1,1.4,0.3,-1.2,True
0.9091993069805098,-0.32072032322141397,1,1.4,0.3,-1.2,True
-0.32072032322141397,1.1287536560760054,1,1.4,0.3,-1.2,True
1.1287536560760054,-0.8799348395133529,1,1.4,0.3,-1.2,True
-0.8799348395133529,0.25462664631765536,1,1.4,0.3,-1.2,True
0.25462664631765536,0.6452509275250272,1,1.4,0.3,-1.2,True
0.6452509275250272,0.4934997306346256,1,1.4,0.3,-1.2,True
0.4934997306346256,0.852616500466481,1,1.4,0.3,-1.2,True
0.852616500466481,0.13031306357559536,1,1.4,0.3,-1.2,True
0.13031306357559536,1.2320108577861042,1,1.4,0.3,-1.2,True
1.2320108577861042,-1.0858971361113143,1,1.4,0.3,-1.2,True
-1.0858971361113143,-0.28123836896482474,1,1.4,0.3,-1.2,True
-0.28123836896482474,0.5634978309174128,1,1.4,0.3,-1.2,True
0.5634978309174128,0.4710867616824718,1,1.4,0.3,-1.2,True
0.4710867616824718,0.8583575174297546,1,1.4,0.3,-1.2,True
0.8583575174297546,0.1098373496853016,1,1.4,0.3,-1.2,True
0.1098373496853016,1.2406173144886785,1,1.4,0.3,-1.2,True
1.2406173144886785,-1.1218326445071503,1,1.4,0.3,-1.2,True
-1.1218326445071503,-0.389726680848065,1,1.4,0.3,-1.2,True
-0.389726680848065,0.4508085665770656,1,1.4,0.3,-1.2,True
0.4508085665770656,0.5985622865666046,1,1.4,0.3,-1.2,True
0.5985622865666046,0.6336550347133407,1,1.4,0.3,-1.2,True
0.6336550347133407,0.6174425017453904,1,1.4,0.3,-1.2,True
0.6174425017453904,0.6563671702677533,1,1.4,0.3,-1.2,True
0.6563671702677533,0.5820877434362002,1,1.4,0.3,-1.2,True
0.5820877434362002,0.7225535535982193,1,1.4,0.3,-1.2,True
0.7225535535982193,0.44370923008647944,1,1.4,0.3,-1.2,True
0.44370923008647944,0.941137032869955,1,1.4,0.3,-1.2,True
0.941137032869955,-0.10692171146902407,1,1.4,0.3,-1.2,True
-0.10692171146902407,1.2663359565241352,1,1.4,0.3,-1.2,True
1.2663359565241352,-1.277125970140962,1,1.4,0.3,-1.2,True
-1.277125970140962,-0.9035702540946502,1,1.4,0.3,-1.2,True
-0.9035702540946502,-0.5261526767608276,1,1.4,0.3,-1.2,True
-0.5261526767608276,0.3413576288039876,1,1.4,0.3,-1.2,True
0.3413576288039876,0.6790191539319984,1,1.4,0.3,-1.2,True
0.6790191539319984,0.4569134726720586,1,1.4,0.3,-1.2,True
0.4569134726720586,0.9114278560666633,1,1.4,0.3,-1.2,True
0.9114278560666633,-0.025906989738366415,1,1.4,0.3,-1.2,True
-0.025906989738366415,1.2724887158557736,1,1.4,0.3,-1.2,True
1.2724887158557736,-1.2746906416938957,1,1.4,0.3,-1.2,True
-1.2746906416938957,-0.8930241100740612,1,1.4,0.3,-1.2,True
-0.8930241100740612,-0.4988960781511653,1,1.4,0.3,-1.2,True
-0.4988960781511653,0.38363655146532255,1,1.4,0.3,-1.2,True
0.38363655146532255,0.6442833714863633,1,1.4,0.3,-1.2,True
0.6442833714863633,0.5339494775562276,1,1.4,0.3,-1.2,True
0.5339494775562276,0.7941421490303133,1,1.4,0.3,-1.2,True
0.7941421490303133,0.27725838925379026,1,1.4,0.3,-1.2,True
0.27725838925379026,1.1306215445328451,1,1.4,0.3,-1.2,True
1.1306215445328451,-0.7064495909704336,1,1.4,0.3,-1.2,True
-0.7064495909704336,0.6404870289446434,1,1.4,0.3,-1.2,True
0.6404870289446434,0.21375203476399893,1,1.4,0.3,-1.2,True
0.21375203476399893,1.1281802033713433,1,1.4,0.3,-1.2,True
1.1281802033713433,-0.7177811893614079,1,1.4,0.3,-1.2,True
-0.7177811893614079,0.6171602908898948,1,1.4,0.3,-1.2,True
0.6171602908898948,0.2514240886797583,1,1.4,0.3,-1.2,True
0.2514240886797583,1.0966483859511427,1,1.4,0.3,-1.2,True
1.0966483859511427,-0.6082655287690173,1,1.4,0.3,-1.2,True
-0.6082655287690173,0.8110127809012297,1,1.4,0.3,-1.2,True
0.8110127809012297,-0.10331808172990967,1,1.4,0.3,-1.2,True
-0.10331808172990967,1.2283593578530814,1,1.4,0.3,-1.2,True
1.2283593578530814,-1.1434088213543008,1,1.4,0.3,-1.2,True
-1.1434088213543008,-0.46182941849523923,1,1.4,0.3,-1.2,True
-0.46182941849523923,0.3583763770909987,1,1.4,0.3,-1.2,True
0.3583763770909987,0.6816440957318107,1,1.4,0.3,-1.2,True
0.6816440957318107,0.45701877058284646,1,1.4,0.3,-1.2,True
0.45701877058284646,0.9120806093884642,1,1.4,0.3,-1.2,True
0.9120806093884642,-0.02754182205655112,1,1.4,0.3,-1.2,True
-0.02754182205655112,1.2725622100694667,1,1.4,0.3,-1.2,True
1.2725622100694667,-1.2754429565126046,1,1.4,0.3,-1.2,True
-1.2754429565126046,-0.895687966423819,1,1.4,0.3,-1.2,True
-0.895687966423819,-0.5057925934287921,1,1.4,0.3,-1.2,True
-0.5057925934287921,0.37313700347846146,1,1.4,0.3,-1.2,True
0.37313700347846146,0.6533385092605228,1,1.4,0.3,-1.2,True
0.6533385092605228,0.5143494102876713,1,1.4,0.3,-1.2,True
0.5143494102876713,0.8256241105695716,1,1.4,0.3,-1.2,True
0.8256241105695716,0.19998758235098663,1,1.4,0.3,-1.2,True
0.19998758235098663,1.1916941868384416,1,1.4,0.3,-1.2,True
1.1916941868384416,-0.9281927742170524,1,1.4,0.3,-1.2,True
-0.9281927742170524,0.15134969949928545,1,1.4,0.3,-1.2,True
0.15134969949928545,0.6894727435809507,1,1.4,0.3,-1.2,True
0.6894727435809507,0.3798831800523249,1,1.4,0.3,-1.2,True
0.3798831800523249,1.0048061003929512,1,1.4,0.3,-1.2,True
1.0048061003929512,-0.2995244651259477,1,1.4,0.3,-1.2,True
-0.2995244651259477,1.1758409628253064,1,1.4,0.3,-1.2,True
1.1758409628253064,-1.0255000973389052,1,1.4,0.3,-1.2,True
-1.0255000973389052,-0.11955834065135373,1,1.4,0.3,-1.2,True
-0.11955834065135373,0.6723380952513012,1,1.4,0.3,-1.2,True
0.6723380952513012,0.3312785777479871,1,1.4,0.3,-1.2,True
0.3312785777479871,1.0480577340707695,1,1.4,0.3,-1.2,True
1.0480577340707695,-0.4384114461993818,1,1.4,0.3,-1.2,True
-0.4384114461993818,1.045330885599144,1,1.4,0.3,-1.2,True
1.045330885599144,-0.6613267584023017,1,1.4,0.3,-1.2,True
-0.6613267584023017,0.7013049517492884,1,1.4,0.3,-1.2,True
0.7013049517492884,0.1130418829920091,1,1.4,0.3,-1.2,True
0.1130418829920091,1.1925016312902559,1,1.4,0.3,-1.2,True
1.1925016312902559,-0.9569716319842873,1,1.4,0.3,-1.2,True
-0.9569716319842873,0.07563790319533858,1,1.4,0.3,-1.2,True
0.07563790319533858,0.7048989810450115,1,1.4,0.3,-1.2,True
0.7048989810450115,0.327055768088988,1,1.4,0.3,-1.2,True
0.327055768088988,1.0617180286971144,1,1.4,0.3,-1.2,True
1.0617180286971144,-0.4800265110179848,1,1.4,0.3,-1.2,True
-0.4800265110179848,0.9959197768169951,1,1.4,0.3,-1.2,True
0.9959197768169951,-0.532606635902694,1,1.4,0.3,-1.2,True
-0.532606635902694,0.9016381729944798,1,1.4,0.3,-1.2,True
0.9016381729944798,-0.29791394377196084,1,1.4,0.3,-1.2,True
-0.29791394377196084,1.1462376468470756,1,1.4,0.3,-1.2,True
1.1462376468470756,-0.9287792234009179,1,1.4,0.3,-1.2,True
-0.9287792234009179,0.1361881099044258,1,1.4,0.3,-1.2,True
0.1361881099044258,0.6954001511886487,1,1.4,0.3,-1.2,True
0.6954001511886487,0.36384251458885414,1,1.4,0.3,-1.2,True
0.36384251458885414,1.0232861197653178,1,1.4,0.3,-1.2,True
1.0232861197653178,-0.3568075216894481,1,1.4,0.3,-1.2,True
-0.3568075216894481,1.128749585381763,1,1.4,0.3,-1.2,True
1.128749585381763,-0.8907481336061372,1,1.4,0.3,-1.2,True
-0.8907481336061372,0.22781974308258524,1,1.4,0.3,-1.2,True
0.22781974308258524,0.6601129904446577,1,1.4,0.3,-1.2,True
0.6601129904446577,0.45829709870947144,1,1.4,0.3,-1.2,True
0.45829709870947144,0.9039831741736706,1,1.4,0.3,-1.2,True
0.9039831741736706,-0.006570681251905186,1,1.4,0.3,-1.2,True
-0.006570681251905186,1.2711345088591415,1,1.4,0.3,-1.2,True
1.2711345088591415,-1.2640673198331707,1,1.4,0.3,-1.2,True
-1.2640673198331707,-0.8556723120405589,1,1.4,0.3,-1.2,True
-0.8556723120405589,-0.404265343779921,1,1.4,0.3,-1.2,True
-0.404265343779921,0.5144956509337356,1,1.4,0.3,-1.2,True
0.5144956509337356,0.508132312104404,1,1.4,0.3,-1.2,True
0.508132312104404,0.7928708700337264,1,1.4,0.3,-1.2,True
0.7928708700337264,0.27233779046406775,1,1.4,0.3,-1.2,True
0.27233779046406775,1.1340262400493273,1,1.4,0.3,-1.2,True
1.1340262400493273,-0.7187203812293599,1,1.4,0.3,-1.2,True
-0.7187203812293599,0.6170252910625312,1,1.4,0.3,-1.2,True
0.6170252910625312,0.2513755918960701,1,1.4,0.3,-1.2,True
0.2513755918960701,1.0966420238372199,1,1.4,0.3,-1.2,True
1.0966420238372199,-0.6082605422552898,1,1.4,0.3,-1.2,True
-0.6082605422552898,0.8110193649805871,1,1.4,0.3,-1.2,True
0.8110193649805871,-0.10333153719950763,1,1.4,0.3,-1.2,True
-0.10333153719950763,1.2283574402821578,1,1.4,0.3,-1.2,True
1.2283574402821578,-1.1434062626950008,1,1.4,0.3,-1.2,True
-1.1434062626950008,-0.4618218021135613,1,1.4,0.3,-1.2,True
-0.4618218021135613,0.35838699352111547,1,1.4,0.3,-1.2,True
0.35838699352111547,0.6816357273907859,1,1.4,0.3,-1.2,True
0.6816357273907859,0.45703792725854253,1,1.4,0.3,-1.2,True
0.45703792725854253,0.9120535844833371,1,1.4,0.3,-1.2,True
0.9120535844833371,-0.027467059178902187,1,1.4,0.3,-1.2,True
-0.027467059178902187,1.2725598602690888,1,1.4,0.3,-1.2,True
1.2725598602690888,-1.2754121549089867,1,1.4,0.3,-1.2,True
-1.2754121549089867,-0.8955786727646924,1,1.4,0.3,-1.2,True
-0.8955786727646924,-0.505509269228051,1,1.4,0.3,-1.2,True
-0.505509269228051,0.373570928384923,1,1.4,0.3,-1.2,True
0.373570928384923,0.6529698852834621,1,1.4,0.3,-1.2,True
0.6529698852834621,0.5151537389935402,1,1.4,0.3,-1.2,True
0.5151537389935402,0.8243542408664043,1,1.4,0.3,-1.2,True
0.8243542408664043,0.20316224148986609,1,1.4,0.3,-1.2,True
0.20316224148986609,1.18952141734586,1,1.4,0.3,-1.2,True
1.18952141734586,-0.9199970108073449,1,1.4,0.3,-1.2,True
-0.9199970108073449,0.17190412535152827,1,1.4,0.3,-1.2,True
0.17190412535152827,0.6826294571197731,1,1.4,0.3,-1.2,True
0.6826294571197731,0.3991950715867679,1,1.4,0.3,-1.2,True
0.3991950715867679,0.9816894498851012,1,1.4,0.3,-1.2,True
0.9816894498851012,-0.22944132494596725,1,1.4,0.3,-1.2,True
-0.22944132494596725,1.220806184735385,1,1.4,0.3,-1.2,True
1.220806184735385,-1.155347234447224,1,1.4,0.3,-1.2,True
-1.155347234447224,-0.5025162695821725,1,1.4,0.3,-1.2,True
-0.5025162695821725,0.299864187993137,1,1.4,0.3,-1.2,True
0.299864187993137,0.7233591753882516,1,1.4,0.3,-1.2,True
0.7233591753882516,0.3574113611322214,1,1.4,0.3,-1.2,True
0.3574113611322214,1.0381677191235335,1,1.4,0.3,-1.2,True
1.0381677191235335,-0.4016856899025573,1,1.4,0.3,-1.2,True
-0.4016856899025573,1.0855583648755693,1,1.4,0.3,-1.2,True
1.0855583648755693,-0.7703174559426148,1,1.4,0.3,-1.2,True
-0.7703174559426148,0.49492293336080756,1,1.4,0.3,-1.2,True
0.49492293336080756,0.4259765692641627,1,1.4,0.3,-1.2,True
0.4259765692641627,0.8944384274213499,1,1.4,0.3,-1.2,True
0.8944384274213499,0.007764830152080432,1,1.4,0.3,-1.2,True
0.007764830152080432,1.2682471186041981,1,1.4,0.3,-1.2,True
1.2682471186041981,-1.249501606341367,1,1.4,0.3,-1.2,True
-1.249501606341367,-0.8052818343682598,1,1.4,0.3,-1.2,True
-0.8052818343682598,-0.28272084777132334,1,1.4,0.3,-1.2,True
-0.28272084777132334,0.646511940819172,1,1.4,0.3,-1.2,True
0.646511940819172,0.33001498019812153,1,1.4,0.3,-1.2,True
0.33001498019812153,1.0414797402285185,1,1.4,0.3,-1.2,True
1.0414797402285185,-0.4195475749696108,1,1.4,0.3,-1.2,True
-0.4195475749696108,1.066015687340522,1,1.4,0.3,-1.2,True
1.066015687340522,-0.7168094964094031,1,1.4,0.3,-1.2,True
-0.7168094964094031,0.6004625104023738,1,1.4,0.3,-1.2,True
0.6004625104023738,0.28017983411896996,1,1.4,0.3,-1.2,True
0.28017983411896996,1.070237717895005,1,1.4,0.3,-1.2,True
1.070237717895005,-0.5195183316914609,1,1.4,0.3,-1.2,True
-0.5195183316914609,0.9432122996196313,1,1.4,0.3,-1.2,True
0.9432122996196313,-0.4013647185226926,1,1.4,0.3,-1.2,True
-0.4013647185226926,1.057432597701169,1,1.4,0.3,-1.2,True
1.057432597701169,-0.6858385937102669,1,1.4,0.3,-1.2,True
-0.6858385937102669,0.6587053720388836,1,1.4,0.3,-1.2,True
0.6587053720388836,0.18679854787288233,1,1.4,0.3,-1.2,True
0.18679854787288233,1.1487604351292806,1,1.4,0.3,-1.2,True
1.1487604351292806,-0.7914711878839149,1,1.4,0.3,-1.2,True
-0.7914711878839149,0.4676308327882588,1,1.4,0.3,-1.2,True
0.4676308327882588,0.4564086095508889,1,1.4,0.3,-1.2,True
0.4564086095508889,0.8486569034154317,1,1.4,0.3,-1.2,True
0.8486569034154317,0.12861662726472975,1,1.4,0.3,-1.2,True
0.12861662726472975,1.2314379394920931,1,1.4,0.3,-1.2,True
1.2314379394920931,-1.0844301701693255,1,1.4,0.3,-1.2,True
-1.0844301701693255,-0.2769529297152332,1,1.4,0.3,-1.2,True
-0.2769529297152332,0.5672868535602111,1,1.4,0.3,-1.2,True
0.5672868535602111,0.46637399717428785,1,1.4,0.3,-1.2,True
0.46637399717428785,0.8656794687316117,1,1.4,0.3,-1.2,True
0.8656794687316117,0.09075087953546265,1,1.4,0.3,-1.2,True
0.09075087953546265,1.2481738296284393,1,1.4,0.3,-1.2,True
1.2481738296284393,-1.1538878086964148,1,1.4,0.3,-1.2,True
-1.1538878086964148,-0.48958775619296774,1,1.4,0.3,-1.2,True
-0.48958775619296774,0.3182590179713848,1,1.4,0.3,-1.2,True
0.3182590179713848,0.7113193496139554,1,1.4,0.3,-1.2,True
0.7113193496139554,0.3871124014021068,1,1.4,0.3,-1.2,True
0.3871124014021068,1.0035973890371583,1,1.4,0.3,-1.2,True
1.0035973890371583,-0.2939570865744497,1,1.4,0.3,-1.2,True
-0.2939570865744497,1.1801041404648736,1,1.4,0.3,-1.2,True
1.1801041404648736,-1.0378912212516078,1,1.4,0.3,-1.2,True
-1.0378912212516078,-0.15407421987215336,1,1.4,0.3,-1.2,True
-0.15407421987215336,0.6553982223036199,1,1.4,0.3,-1.2,True
0.6553982223036199,0.3524121723201108,1,1.4,0.3,-1.2,True
0.3524121723201108,1.0227473918119547,1,1.4,0.3,-1.2,True
1.0227473918119547,-0.35869346674538505,1,1.4,0.3,-1.2,True
-0.35869346674538505,1.1266988132234348,1,1.4,0.3,-1.2,True
1.1266988132234348,-0.8848383420303503,1,1.4,0.3,-1.2,True
-0.8848383420303503,0.24189519582920377,1,1.4,0.3,-1.2,True
0.24189519582920377,0.6526298973195466,1,1.4,0.3,-1.2,True
0.6526298973195466,0.4762724627233105,1,1.4,0.3,-1.2,True
0.4762724627233105,0.878219326947926,1,1.4,0.3,-1.2,True
0.878219326947926,0.06310487810217766,1,1.4,0.3,-1.2,True
0.06310487810217766,1.2578906821879707,1,1.4,0.3,-1.2,True
1.2578906821879707,-1.1962730922387923,1,1.4,0.3,-1.2,True
-1.1962730922387923,-0.6261298310439958,1,1.4,0.3,-1.2,True
-0.6261298310439958,0.0922640808759066,1,1.4,0.3,-1.2,True
0.0922640808759066,0.8002433258189752,1,1.4,0.3,-1.2,True
0.8002433258189752,0.1311340915378318,1,1.4,0.3,-1.2,True
0.1311340915378318,1.2159983877968592,1,1.4,0.3,-1.2,True
1.2159983877968592,-1.0307726833130353,1,1.4,0.3,-1.2,True
-1.0307726833130353,-0.12268973819103884,1,1.4,0.3,-1.2,True
-0.12268973819103884,0.6696943144057496,1,1.4,0.3,-1.2,True
0.6696943144057496,0.33530641389634663,1,1.4,0.3,-1.2,True
0.33530641389634663,1.0435057466416855,1,1.4,0.3,-1.2,True
1.0435057466416855,-0.42387401641500605,1,1.4,0.3,-1.2,True
-0.42387401641500605,1.0615148694840013,1,1.4,0.3,-1.2,True
1.0615148694840013,-0.7047015503143925,1,1.4,0.3,-1.2,True
-0.7047015503143925,0.6232084758234888,1,1.4,0.3,-1.2,True
0.6232084758234888,0.24484520883215186,1,1.4,0.3,-1.2,True
0.24484520883215186,1.1030336959437625,1,1.4,0.3,-1.2,True
1.1030336959437625,-0.629903105492654,1,1.4,0.3,-1.2,True
-0.629903105492654,0.7754210175501233,1,1.4,0.3,-1.2,True
0.7754210175501233,-0.030759787889652168,1,1.4,0.3,-1.2,True
-0.030759787889652168,1.231301674893614,1,1.4,0.3,-1.2,True
1.231301674893614,-1.1317732768010424,1,1.4,0.3,-1.2,True
-1.1317732768010424,-0.42388454764527256,1,1.4,0.3,-1.2,True
-0.42388454764527256,0.40891866333427496,1,1.4,0.3,-1.2,True
0.40891866333427496,0.6387343731940922,1,1.4,0.3,-1.2,True
0.6387343731940922,0.5515013597007727,1,1.4,0.3,-1.2,True
0.5515013597007727,0.765805062305706,1,1.4,0.3,-1.2,True
0.765805062305706,0.34441005707596717,1,1.4,0.3,-1.2,True
0.34441005707596717,1.0636759163106124,1,1.4,0.3,-1.2,True
1.0636759163106124,-0.4806460197921192,1,1.4,0.3,-1.2,True
-0.4806460197921192,0.995673940014375,1,1.4,0.3,-1.2,True
0.995673940014375,-0.5321070386908848,1,1.4,0.3,-1.2,True
-0.5321070386908848,0.9023091211301766,1,1.4,0.3,-1.2,True
0.9023091211301766,-0.2994585617118617,1,1.4,0.3,-1.2,True
-0.2994585617118617,1.1451471340835013,1,1.4,0.3,-1.2,True
1.1451471340835013,-0.9257443106930777,1,1.4,0.3,-1.2,True
-0.9257443106930777,0.14374059993220817,1,1.4,0.3,-1.2,True
0.14374059993220817,0.6933508026956571,1,1.4,0.3,-1.2,True
0.6933508026956571,0.37009271014146566,1,1.4,0.3,-1.2,True
0.37009271014146566,1.0162491810689003,1,1.4,0.3,-1.2,True
1.0162491810689003,-0.3348395441900548,1,1.4,0.3,-1.2,True
-0.3348395441900548,1.1479102258259049,1,1.4,0.3,-1.2,True
1.1479102258259049,-0.945228904434968,1,1.4,0.3,-1.2,True
-0.945228904434968,0.09353231325670985,1,1.4,0.3,-1.2,True
0.09353231325670985,0.7041837175970977,1,1.4,0.3,-1.2,True
0.7041837175970977,0.33383510259659627,1,1.4,0.3,-1.2,True
0.33383510259659627,1.0552308892631774,1,1.4,0.3,-1.2,True
1.0552308892631774,-0.4587665907382397,1,1.4,0.3,-1.2,True
-0.4587665907382397,1.0219157680903306,1,1.4,0.3,-1.2,True
1.0219157680903306,-0.5996665491217823,1,1.4,0.3,-1.2,True
-0.5996665491217823,0.8031347722372214,1,1.4,0.3,-1.2,True
0.8031347722372214,-0.08293561206368161,1,1.4,0.3,-1.2,True
-0.08293561206368161,1.2313107896234379,1,1.4,0.3,-1.2,True
1.2313107896234379,-1.147457448519436,1,1.4,0.3,-1.2,True
-1.147457448519436,-0.47392879774079627,1,1.4,0.3,-1.2,True
-0.47392879774079627,0.341310857984918,1,1.4,0.3,-1.2,True
0.341310857984918,0.694731018188,1,1.4,0.3,-1.2,True
0.694731018188,0.4266815947099262,1,1.4,0.3,-1.2,True
0.4266815947099262,0.953539248886512,1,1.4,0.3,-1.2,True
0.953539248886512,-0.14492746042089683,1,1.4,0.3,-1.2,True
-0.14492746042089683,1.2566562183682828,1,1.4,0.3,-1.2,True
1.2566562183682828,-1.2543370297554113,1,1.4,0.3,-1.2,True
-1.2543370297554113,-0.8257090723913935,1,1.4,0.3,-1.2,True
-0.8257090723913935,-0.330814770047861,1,1.4,0.3,-1.2,True
-0.330814770047861,0.5990735013680353,1,1.4,0.3,-1.2,True
0.5990735013680353,0.39831088492774136,1,1.4,0.3,-1.2,True
0.39831088492774136,0.957609864937722,1,1.4,0.3,-1.2,True
0.957609864937722,-0.16433004931813666,1,1.4,0.3,-1.2,True
-0.16433004931813666,1.249476848328855,1,1.4,0.3,-1.2,True
1.249476848328855,-1.234968367109173,1,1.4,0.3,-1.2,True
-1.234968367109173,-0.7603625603657589,1,1.4,0.3,-1.2,True
-0.7603625603657589,-0.17990222262111305,1,1.4,0.3,-1.2,True
-0.17990222262111305,0.7265804983046492,1,1.4,0.3,-1.2,True
0.7265804983046492,0.2069424244903809,1,1.4,0.3,-1.2,True
0.2069424244903809,1.158018915615855,1,1.4,0.3,-1.2,True
1.158018915615855,-0.8153282051466544,1,1.4,0.3,-1.2,True
-0.8153282051466544,0.4167415597340256,1,1.4,0.3,-1.2,True
0.4167415597340256,0.5122585998026359,1,1.4,0.3,-1.2,True
0.5122585998026359,0.7576500456197478,1,1.4,0.3,-1.2,True
0.7576500456197478,0.3500305516621426,1,1.4,0.3,-1.2,True
0.3500305516621426,1.055765071750259,1,1.4,0.3,-1.2,True
1.055765071750259,-0.45548667592031816,1,1.4,0.3,-1.2,True
-0.45548667592031816,1.0262741648077602,1,1.4,0.3,-1.2,True
1.0262741648077602,-0.6111801286687075,1,1.4,0.3,-1.2,True
-0.6111801286687075,0.784924639891031,1,1.4,0.3,-1.2,True
0.784924639891031,-0.045903405031902794,1,1.4,0.3,-1.2,True
-0.045903405031902794,1.2325274203363772,1,1.4,0.3,-1.2,True
1.2325274203363772,-1.1405444001430332,1,1.4,0.3,-1.2,True
-1.1405444001430332,-0.45141991407577065,1,1.4,0.3,-1.2,True
-0.45141991407577065,0.37254476560324346,1,1.4,0.3,-1.2,True
0.37254476560324346,0.670268582447543,1,1.4,0.3,-1.2,True
0.670268582447543,0.482799468018239,1,1.4,0.3,-1.2,True
0.482799468018239,0.8747471178880905,1,1.4,0.3,-1.2,True
0.8747471178880905,0.0735843120505427,1,1.4,0.3,-1.2,True
0.0735843120505427,1.254843623994495,1,1.4,0.3,-1.2,True
1.254843623994495,-1.182410235336329,1,1.4,0.3,-1.2,True
-1.182410235336329,-0.5808784632810096,1,1.4,0.3,-1.2,True
-0.5808784632810096,0.17288922465391132,1,1.4,0.3,-1.2,True
0.17288922465391132,0.7838895034136943,1,1.4,0.3,-1.2,True
0.7838895034136943,0.1915909124091379,1,1.4,0.3,-1.2,True
0.1915909124091379,1.183776942219236,1,1.4,0.3,-1.2,True
1.183776942219236,-0.9043817147791524,1,1.4,0.3,-1.2,True
-0.9043817147791524,0.2100642822281386,1,1.4,0.3,-1.2,True
0.2100642822281386,0.666907681831022,1,1.4,0.3,-1.2,True
0.666907681831022,0.44034708614912293,1,1.4,0.3,-1.2,True
0.44034708614912293,0.9286045257572743,1,1.4,0.3,-1.2,True
0.9286045257572743,-0.07512478551491217,1,1.4,0.3,-1.2,True
-0.07512478551491217,1.270680130969056,1,1.4,0.3,-1.2,True
1.270680130969056,-1.283016628989826,1,1.4,0.3,-1.2,True
-1.283016628989826,-0.9233802990794664,1,1.4,0.3,-1.2,True
-0.9233802990794664,-0.5785886361162664,1,1.4,0.3,-1.2,True
-0.5785886361162664,0.2543151764961262,1,1.4,0.3,-1.2,True
0.2543151764961262,0.7358767165703619,1,1.4,0.3,-1.2,True
0.7358767165703619,0.31817419416231046,1,1.4,0.3,-1.2,True
0.31817419416231046,1.0790342700079387,1,1.4,0.3,-1.2,True
1.0790342700079387,-0.534588679943498,1,1.4,0.3,-1.2,True
-0.534588679943498,0.9236112015891571,1,1.4,0.3,-1.2,True
0.9236112015891571,-0.35465731636440245,1,1.4,0.3,-1.2,True
-0.35465731636440245,1.1009888236056273,1,1.4,0.3,-1.2,True
1.1009888236056273,-0.803444140495625,1,1.4,0.3,-1.2,True
-0.803444140495625,0.4265651654262333,1,1.4,0.3,-1.2,True
0.4265651654262333,0.5042257813541589,1,1.4,0.3,-1.2,True
0.5042257813541589,0.7720284556127732,1,1.4,0.3,-1.2,True
0.7720284556127732,0.31682862362006636,1,1.4,0.3,-1.2,True
0.31682862362006636,1.091076009240852,1,1.4,0.3,-1.2,True
1.091076009240852,-0.5715770140313013,1,1.4,0.3,-1.2,True
-0.5715770140313013,0.8699424066157417,1,1.4,0.3,-1.2,True
0.8699424066157417,-0.23099281136913416,1,1.4,0.3,-1.2,True
-0.23099281136913416,1.1862819715188195,1,1.4,0.3,-1.2,True
1.1862819715188195,-1.0394687257415485,1,1.4,0.3,-1.2,True
-1.0394687257415485,-0.15680873305701587,1,1.4,0.3,-1.2,True
-0.15680873305701587,0.6537348120094104,1,1.4,0.3,-1.2,True
0.6537348120094104,0.35464049387672436,1,1.4,0.3,-1.2,True
0.35464049387672436,1.0200426117468455,1,1.4,0.3,-1.2,True
1.0200426117468455,-0.35028955352803876,1,1.4,0.3,-1.2,True
-0.35028955352803876,1.1342289036888318,1,1.4,0.3,-1.2,True
1.1342289036888318,-0.9061521544068485,1,1.4,0.3,-1.2,True
-0.9061521544068485,0.19071225339600745,1,1.4,0.3,-1.2,True
0.19071225339600745,0.6772347246444094,1,1.4,0.3,-1.2,True
0.6772347246444094,0.41510805484893776,1,1.4,0.3,-1.2,True
0.41510805484893776,0.9619298413126667,1,1.4,0.3,-1.2,True
0.9619298413126667,-0.17090021099625557,1,1.4,0.3,-1.2,True
-0.17090021099625557,1.2476893174278094,1,1.4,0.3,-1.2,True
1.2476893174278094,-1.2306901492517388,1,1.4,0.3,-1.2,True
-1.2306901492517388,-0.746130745623031,1,1.4,0.3,-1.2,True
-0.746130745623031,-0.14860257016509398,1,1.4,0.3,-1.2,True
-0.14860257016509398,0.7452449629095503,1,1.4,0.3,-1.2,True
0.7452449629095503,0.17787315231159195,1,1.4,0.3,-1.2,True
0.17787315231159195,1.1792790872342973,1,1.4,0.3,-1.2,True
1.1792790872342973,-0.8936168861299428,1,1.4,0.3,-1.2,True
-0.8936168861299428,0.23581213132308387,1,1.4,0.3,-1.2,True
0.23581213132308387,0.6540646283702277,1,1.4,0.3,-1.2,True
0.6540646283702277,0.47182288607780754,1,1.4,0.3,-1.2,True
0.47182288607780754,0.88455581835356,1,1.4,0.3,-1.2,True
0.88455581835356,0.04613227172695161,1,1.4,0.3,-1.2,True
0.04613227172695161,1.262387284413503,1,1.4,0.3,-1.2,True
1.262387284413503,-1.2172306366703718,1,1.4,0.3,-1.2,True
-1.2172306366703718,-0.6955944066644915,1,1.4,0.3,-1.2,True
-0.6955944066644915,-0.04256140101720768,1,1.4,0.3,-1.2,True
-0.04256140101720768,0.788785616001486,1,1.4,0.3,-1.2,True
0.788785616001486,0.11617573247965655,1,1.4,0.3,-1.2,True
0.11617573247965655,1.2177401636563872,1,1.4,0.3,-1.2,True
1.2177401636563872,-1.041194828910741,1,1.4,0.3,-1.2,True
-1.041194828910741,-0.1523992913537383,1,1.4,0.3,-1.2,True
-0.1523992913537383,0.6551257897196074,1,1.4,0.3,-1.2,True
0.6551257897196074,0.3534144920958435,1,1.4,0.3,-1.2,True
0.3534144920958435,1.021675212403174,1,1.4,0.3,-1.2,True
1.021675212403174,-0.35532398786594593,1,1.4,0.3,-1.2,True
-0.35532398786594593,1.1297453728268096,1,1.4,0.3,-1.2,True
1.1297453728268096,-0.8934516467528055,1,1.4,0.3,-1.2,True
-0.8934516467528055,0.22136542872862297,1,1.4,0.3,-1.2,True
0.22136542872862297,0.6633607917234685,1,1.4,0.3,-1.2,True
0.6633607917234685,0.45034307262420525,1,1.4,0.3,-1.2,True
0.45034307262420525,0.9150758012321862,1,1.4,0.3,-1.2,True
0.9150758012321862,-0.03720628901375689,1,1.4,0.3,-1.2,True
-0.03720628901375689,1.2725847092506104,1,1.4,0.3,-1.2,True
1.2725847092506104,-1.2784224658099714,1,1.4,0.3,-1.2,True
-1.2784224658099714,-0.9063341887475236,1,1.4,0.3,-1.2,True
-0.9063341887475236,-0.5335450661126757,1,1.4,0.3,-1.2,True
-0.5335450661126757,0.3295612707732917,1,1.4,0.3,-1.2,True
0.3295612707732917,0.6878815964950076,1,1.4,0.3,-1.2,True
0.6878815964950076,0.436414854116859,1,1.4,0.3,-1.2,True
0.436414854116859,0.9397233840971273,1,1.4,0.3,-1.2,True
0.9397233840971273,-0.10538759783148208,1,1.4,0.3,-1.2,True
-0.10538759783148208,1.266367851141772,1,1.4,0.3,-1.2,True
1.266367851141772,-1.2767788275170449,1,1.4,0.3,-1.2,True
-1.2767788275170449,-0.902319488811588,1,1.4,0.3,-1.2,True
-0.902319488811588,-0.5228862921000009,1,1.4,0.3,-1.2,True
-0.5228862921000009,0.34653004910400115,1,1.4,0.3,-1.2,True
0.34653004910400115,0.6750178074651697,1,1.4,0.3,-1.2,True
0.6750178074651697,0.46605035817808155,1,1.4,0.3,-1.2,True
0.46605035817808155,0.8984212313384656,1,1.4,0.3,-1.2,True
0.8984212313384656,0.009790114965809782,1,1.4,0.3,-1.2,True
0.009790114965809782,1.2693921845100784,1,1.4,0.3,-1.2,True
1.2693921845100784,-1.2529620908436334,1,1.4,0.3,-1.2,True
-1.2529620908436334,-0.8170619461747253,1,1.4,0.3,-1.2,True
-0.8170619461747253,-0.3105149406946516,1,1.4,0.3,-1.2,True
-0.3105149406946516,0.6198940763951383,1,1.4,0.3,-1.2,True
0.6198940763951383,0.36886938546191045,1,1.4,0.3,-1.2,True
0.36886938546191045,0.9954777499750751,1,1.4,0.3,-1.2,True
0.9954777499750751,-0.2767055153350402,1,1.4,0.3,-1.2,True
-0.2767055153350402,1.1914510058889602,1,1.4,0.3,-1.2,True
1.1914510058889602,-1.070389353807853,1,1.4,0.3,-1.2,True
-1.070389353807853,-0.24659141447658234,1,1.4,0.3,-1.2,True
-0.24659141447658234,0.593752937886658,1,1.4,0.3,-1.2,True
0.593752937886658,0.4324630039083728,1,1.4,0.3,-1.2,True
0.4324630039083728,0.9162919317167628,1,1.4,0.3,-1.2,True
0.9162919317167628,-0.04568836460841966,1,1.4,0.3,-1.2,True
-0.04568836460841966,1.2719651821902,1,1.4,0.3,-1.2,True
1.2719651821902,-1.278760103968334,1,1.4,0.3,-1.2,True
-1.278760103968334,-0.907728810244486,1,1.4,0.3,-1.2,True
-0.907728810244486,-0.5371882613175183,1,1.4,0.3,-1.2,True
-0.5371882613175183,0.32368163759038054,1,1.4,0.3,-1.2,True
0.32368163759038054,0.6921657980862779,1,1.4,0.3,-1.2,True
0.6921657980862779,0.4263736024205347,1,1.4,0.3,-1.2,True
0.4263736024205347,0.9531375110483935,1,1.4,0.3,-1.2,True
0.9531375110483935,-0.1439474802283765,1,1.4,0.3,-1.2,True
-0.1439474802283765,1.2569320254247796,1,1.4,0.3,-1.2,True
1.2569320254247796,-1.2550136072223268,1,1.4,0.3,-1.2,True
-1.2550136072223268,-0.8280032084110416,1,1.4,0.3,-1.2,True
-0.8280032084110416,-0.3363291205612681,1,1.4,0.3,-1.2,True
-0.3363291205612681,0.5932348492041651,1,1.4,0.3,-1.2,True
0.5932348492041651,0.4064026429972156,1,1.4,0.3,-1.2,True
0.4064026429972156,0.9467421032320783,1,1.4,0.3,-1.2,True
0.9467421032320783,-0.13292806114605404,1,1.4,0.3,-1.2,True
-0.13292806114605404,1.2592848137535548,1,1.4,0.3,-1.2,True
1.2592848137535548,-1.2599959573542712,1,1.4,0.3,-1.2,True
-1.2599959573542712,-0.8448402934426822,1,1.4,0.3,-1.2,True
-0.8448402934426822,-0.37725595720032545,1,1.4,0.3,-1.2,True
-0.37725595720032545,0.547297031826808,1,1.4,0.3,-1.2,True
0.547297031826808,0.4674755553748947,1,1.4,0.3,-1.2,True
0.4674755553748947,0.8582423567257496,1,1.4,0.3,-1.2,True
0.8582423567257496,0.10903074658303233,1,1.4,0.3,-1.2,True
0.10903074658303233,1.24082992183709,1,1.4,0.3,-1.2,True
1.24082992183709,-1.1228132289218247,1,1.4,0.3,-1.2,True
-1.1228132289218247,-0.39274438930746824,1,1.4,0.3,-1.2,True
-0.39274438930746824,0.447208613857958,1,1.4,0.3,-1.2,True
0.447208613857958,0.6021829211755009,1,1.4,0.3,-1.2,True
0.6021829211755009,0.626488605379744,1,1.4,0.3,-1.2,True
0.626488605379744,0.631171714613731,1,1.4,0.3,-1.2,True
0.631171714613731,0.6302177549541114,1,1.4,0.3,-1.2,True
0.6302177549541114,0.6333073282609587,1,1.4,0.3,-1.2,True
0.6333073282609587,0.6275558856455863,1,1.4,0.3,-1.2,True
0.6275558856455863,0.638635253026505,1,1.4,0.3,-1.2,True
0.638635253026505,0.6172697847221565,1,1.4,0.3,-1.2,True
0.6172697847221565,0.658159793924639,1,1.4,0.3,-1.2,True
0.658159793924639,0.5787368953421544,1,1.4,0.3,-1.2,True
0.5787368953421544,0.7285369865350055,1,1.4,0.3,-1.2,True
0.7285369865350055,0.43054847155333675,1,1.4,0.3,-1.2,True
0.43054847155333675,0.9590403150608214,1,1.4,0.3,-1.2,True
0.9590403150608214,-0.15849711481074255,1,1.4,0.3,-1.2,True
-0.15849711481074255,1.2525422249535847,1,1.4,0.3,-1.2,True
1.2525422249535847,-1.2439559698515694,1,1.4,0.3,-1.2,True
-1.2439559698515694,-0.7906343694150266,1,1.4,0.3,-1.2,True
-0.7906343694150266,-0.24833057949588622,1,1.4,0.3,-1.2,True
-0.24833057949588622,0.6764743817776242,1,1.4,0.3,-1.2,True
0.6764743817776242,0.28483620126924786,1,1.4,0.3,-1.2,True
0.28483620126924786,1.0893579883583935,1,1.4,0.3,-1.2,True
1.0893579883583935,-0.5759302971395696,1,1.4,0.3,-1.2,True
-0.5759302971395696,0.8624334064789361,1,1.4,0.3,-1.2,True
0.8624334064789361,-0.21408702199707727,1,1.4,0.3,-1.2,True
-0.21408702199707727,1.194563467761073,1,1.4,0.3,-1.2,True
1.194563467761073,-1.0620007365122273,1,1.4,0.3,-1.2,True
-1.0620007365122273,-0.2206147497651963,1,1.4,0.3,-1.2,True
-0.2206147497651963,0.6132605641067876,1,1.4,0.3,-1.2,True
0.6132605641067876,0.40729164778643556,1,1.4,0.3,-1.2,True
0.40729164778643556,0.9517370883328105,1,1.4,0.3,-1.2,True
0.9517370883328105,-0.14593738509557141,1,1.4,0.3,-1.2,True
-0.14593738509557141,1.2557043179838967,1,1.4,0.3,-1.2,True
1.2557043179838967,-1.2512918834134354,1,1.4,0.3,-1.2,True
-1.2512918834134354,-0.8153126330997105,1,1.4,0.3,-1.2,True
-0.8153126330997105,-0.3060161305928069,1,1.4,0.3,-1.2,True
-0.3060161305928069,0.6243019890138954,1,1.4,0.3,-1.2,True
0.6243019890138954,0.36254099794076944,1,1.4,0.3,-1.2,True
0.36254099794076944,1.003280231441124,1,1.4,0.3,-1.2,True
1.003280231441124,-0.3004374125385465,1,1.4,0.3,-1.2,True
-0.3004374125385465,1.1746163750383376,1,1.4,0.3,-1.2,True
1.1746163750383376,-1.0217443036730502,1,1.4,0.3,-1.2,True
-1.0217443036730502,-0.1091610784121555,1,1.4,0.3,-1.2,True
-0.1091610784121555,0.6767941114419382,1,1.4,0.3,-1.2,True
0.6767941114419382,0.3259812994808775,1,1.4,0.3,-1.2,True
0.3259812994808775,1.0542689027768433,1,1.4,0.3,-1.2,True
1.0542689027768433,-0.4582816972629413,1,1.4,0.3,-1.2,True
-0.4582816972629413,1.02224971116837,1,1.4,0.3,-1.2,True
1.02224971116837,-0.6004767699562243,1,1.4,0.3,-1.2,True
-0.6004767699562243,0.8018736215906266,1,1.4,0.3,-1.2,True
0.8018736215906266,-0.08034485799088159,1,1.4,0.3,-1.2,True
-0.08034485799088159,1.231524671789383,1,1.4,0.3,-1.2,True
1.231524671789383,-1.147417681513591,1,1.4,0.3,-1.2,True
-1.147417681513591,-0.47373686865321946,1,1.4,0.3,-1.2,True
-0.47373686865321946,0.34157742653602197,1,1.4,0.3,-1.2,True
0.34157742653602197,0.6945337457574741,1,1.4,0.3,-1.2,True
0.6945337457574741,0.42714525436653605,1,1.4,0.3,-1.2,True
0.42714525436653605,0.9529258280682483,1,1.4,0.3,-1.2,True
0.9529258280682483,-0.14315111100941852,1,1.4,0.3,-1.2,True
-0.14315111100941852,1.2571886116039512,1,1.4,0.3,-1.2,True
1.2571886116039512,-1.2556778205081642,1,1.4,0.3,-1.2,True
-1.2556778205081642,-0.8302609210014014,1,1.4,0.3,-1.2,True
-0.8302609210014014,-0.3417698218713825,1,1.4,0.3,-1.2,True
-0.3417698218713825,0.5873924681007845,1,1.4,0.3,-1.2,True
0.5873924681007845,0.4144271772244417,1,1.4,0.3,-1.2,True
0.4144271772244417,0.935767901119129,1,1.4,0.3,-1.2,True
0.935767901119129,-0.10159803750352733,1,1.4,0.3,-1.2,True
-0.10159803750352733,1.2662793446213434,1,1.4,0.3,-1.2,True
1.2662793446213434,-1.2753281413115807,1,1.4,0.3,-1.2,True
-1.2753281413115807,-0.8971628118433486,1,1.4,0.3,-1.2,True
-0.8971628118433486,-0.5094599977300033,1,1.4,0.3,-1.2,True
-0.5094599977300033,0.3674818714451185,1,1.4,0.3,-1.2,True
0.3674818714451185,0.6581019045038697,1,1.4,0.3,-1.2,True
0.6581019045038697,0.5039071980372669,1,1.4,0.3,-1.2,True
0.5039071980372669,0.8419391214238839,1,1.4,0.3,-1.2,True
0.8419391214238839,0.15876608155354982,1,1.4,0.3,-1.2,True
0.15876608155354982,1.2172924003145495,1,1.4,0.3,-1.2,True
1.2172924003145495,-1.0268912785429154,1,1.4,0.3,-1.2,True
-1.0268912785429154,-0.11112025703214001,1,1.4,0.3,-1.2,True
-0.11112025703214001,0.6746458203050809,1,1.4,0.3,-1.2,True
0.6746458203050809,0.32945814689319636,1,1.4,0.3,-1.2,True
0.32945814689319636,1.0504340073155056,1,1.4,0.3,-1.2,True
1.0504340073155056,-0.4459388011469174,1,1.4,0.3,-1.2,True
-0.4459388011469174,1.0367242220789616,1,1.4,0.3,-1.2,True
1.0367242220789616,-0.6384975980473946,1,1.4,0.3,-1.2,True
-0.6384975980473946,0.7402664108264794,1,1.4,0.3,-1.2,True
0.7402664108264794,0.04125861798869648,1,1.4,0.3,-1.2,True
0.04125861798869648,1.2196967402662717,1,1.4,0.3,-1.2,True
1.2196967402662717,-1.0703466081060278,1,1.4,0.3,-1.2,True
-1.0703466081060278,-0.23798958399782832,1,1.4,0.3,-1.2,True
-0.23798958399782832,0.5996013586401485,1,1.4,0.3,-1.2,True
0.5996013586401485,0.4252726198042947,1,1.4,0.3,-1.2,True
0.4252726198042947,0.9266808859747531,1,1.4,0.3,-1.2,True
0.9266808859747531,-0.07465066426204617,1,1.4,0.3,-1.2,True
-0.07465066426204617,1.2702024554477553,1,1.4,0.3,-1.2,True
1.2702024554477553,-1.2811751882343232,1,1.4,0.3,-1.2,True
-1.2811751882343232,-0.9169130714918281,1,1.4,0.3,-1.2,True
-0.9169130714918281,-0.5613739694119064,1,1.4,0.3,-1.2,True
-0.5613739694119064,0.28372905160585943,1,1.4,0.3,-1.2,True
0.28372905160585943,0.7188847645612034,1,1.4,0.3,-1.2,True
0.7188847645612034,0.36160528887625426,1,1.4,0.3,-1.2,True
0.36160528887625426,1.03260369044777,1,1.4,0.3,-1.2,True
1.03260369044777,-0.38429694747401927,1,1.4,0.3,-1.2,True
-0.38429694747401927,1.1030233057613423,1,1.4,0.3,-1.2,True
1.1030233057613423,-0.8186136625159571,1,1.4,0.3,-1.2,True
-0.8186136625159571,0.3927273318874976,1,1.4,0.3,-1.2,True
0.3927273318874976,0.5384872411491511,1,1.4,0.3,-1.2,True
0.5384872411491511,0.7118622871336557,1,1.4,0.3,-1.2,True
0.7118622871336557,0.45209909016432237,1,1.4,0.3,-1.2,True
0.45209909016432237,0.9274076638817255,1,1.4,0.3,-1.2,True
0.9274076638817255,-0.06848923798788636,1,1.4,0.3,-1.2,True
-0.06848923798788636,1.2716552131562917,1,1.4,0.3,-1.2,True
1.2716552131562917,-1.2844965450029688,1,1.4,0.3,-1.2,True
-1.2844965450029688,-0.9284073598275018,1,1.4,0.3,-1.2,True
-0.9284073598275018,-0.5920652795955119,1,1.4,0.3,-1.2,True
-0.5920652795955119,0.23071997862823318,1,1.4,0.3,-1.2,True
0.23071997862823318,0.7478560241678491,1,1.4,0.3,-1.2,True
0.7478560241678491,0.2862119075506705,1,1.4,0.3,-1.2,True
0.2862119075506705,1.1096726488170439,1,1.4,0.3,-1.2,True
1.1096726488170439,-0.6380591702804869,1,1.4,0.3,-1.2,True
-0.6380591702804869,0.7629344879544806,1,1.4,0.3,-1.2,True
0.7629344879544806,-0.00631439715865767,1,1.4,0.3,-1.2,True
-0.00631439715865767,1.228824526130276,1,1.4,0.3,-1.2,True
1.228824526130276,-1.115907921574613,1,1.4,0.3,-1.2,True
-1.115907921574613,-0.3747033273670788,1,1.4,0.3,-1.2,True
-0.3747033273670788,0.46866400657167173,1,1.4,0.3,-1.2,True
0.46866400657167173,0.5800846703117396,1,1.4,0.3,-1.2,True
0.5800846703117396,0.6695016873485501,1,1.4,0.3,-1.2,True
0.6695016873485501,0.546499887985944,1,1.4,0.3,-1.2,True
0.546499887985944,0.782723527608456,1,1.4,0.3,-1.2,True
0.782723527608456,0.30623139745522776,1,1.4,0.3,-1.2,True
0.30623139745522776,1.1035283219802026,1,1.4,0.3,-1.2,True
1.1035283219802026,-0.6130152411408498,1,1.4,0.3,-1.2,True
-0.6130152411408498,0.8049557363746969,1,1.4,0.3,-1.2,True
0.8049557363746969,-0.09103980487379754,1,1.4,0.3,-1.2,True
-0.09103980487379754,1.2298831764123663,1,1.4,0.3,-1.2,True
1.2298831764123663,-1.1449696201331798,1,1.4,0.3,-1.2,True
-1.1449696201331798,-0.46637265051537524,1,1.4,0.3,-1.2,True
-0.46637265051537524,0.35200428515181525,1,1.4,0.3,-1.2,True
0.35200428515181525,0.6866183813740507,1,1.4,0.3,-1.2,True
0.6866183813740507,0.44557856324853473,1,1.4,0.3,-1.2,True
0.44557856324853473,0.9280291559749354,1,1.4,0.3,-1.2,True
0.9280291559749354,-0.07205979110081104,1,1.4,0.3,-1.2,True
-0.07205979110081104,1.2711390879015911,1,1.4,0.3,-1.2,True
1.2711390879015911,-1.283730350438048,1,1.4,0.3,-1.2,True
-1.283730350438048,-0.9258073313196336,1,1.4,0.3,-1.2,True
-0.9258073313196336,-0.5850860057466689,1,1.4,0.3,-1.2,True
-0.5850860057466689,0.24300191283528239,1,1.4,0.3,-1.2,True
0.24300191283528239,0.7418042967777507,1,1.4,0.3,-1.2,True
0.7418042967777507,0.30251751324547815,1,1.4,0.3,-1.2,True
0.30251751324547815,1.094417704885006,1,1.4,0.3,-1.2,True
1.094417704885006,-0.5860949038984259,1,1.4,0.3,-1.2,True
-0.5860949038984259,0.8474151805395147,1,1.4,0.3,-1.2,True
0.8474151805395147,-0.18118595466187332,1,1.4,0.3,-1.2,True
-0.18118595466187332,1.2082648639284264,1,1.4,0.3,-1.2,True
1.2082648639284264,-1.098221360364132,1,1.4,0.3,-1.2,True
-1.098221360364132,-0.3260467597255345,1,1.4,0.3,-1.2,True
-0.3260467597255345,0.5217045065522319,1,1.4,0.3,-1.2,True
0.5217045065522319,0.5211401430626688,1,1.4,0.3,-1.2,True
0.5211401430626688,0.7762894837697392,1,1.4,0.3,-1.2,True
0.7762894837697392,0.31266653526271737,1,1.4,0.3,-1.2,True
0.31266653526271737,1.0960223379484528,1,1.4,0.3,-1.2,True
1.0960223379484528,-0.5879709908159741,1,1.4,0.3,-1.2,True
-0.5879709908159741,0.8448128609269702,1,1.4,0.3,-1.2,True
0.8448128609269702,-0.17558357522744922,1,1.4,0.3,-1.2,True
-0.17558357522744922,1.2102824296325765,1,1.4,0.3,-1.2,True
1.2102824296325765,-1.1033720558365,1,1.4,0.3,-1.2,True
-1.1033720558365,-0.3413171221514377,1,1.4,0.3,-1.2,True
-0.3413171221514377,0.5058920542258147,1,1.4,0.3,-1.2,True
0.5058920542258147,0.5393073846142281,1,1.4,0.3,-1.2,True
0.5393073846142281,0.7445741791285299,1,1.4,0.3,-1.2,True
0.7445741791285299,0.38564522386937483,1,1.4,0.3,-1.2,True
0.38564522386937483,1.0151611195679946,1,1.4,0.3,-1.2,True
1.0151611195679946,-0.3270793709947494,1,1.4,0.3,-1.2,True
-0.3270793709947494,1.1547750549679492,1,1.4,0.3,-1.2,True
1.1547750549679492,-0.9650314099051469,1,1.4,0.3,-1.2,True
-0.9650314099051469,0.042632645545462866,1,1.4,0.3,-1.2,True
0.042632645545462866,0.7079460175757688,1,1.4,0.3,-1.2,True
0.7079460175757688,0.31112720434169183,1,1.4,0.3,-1.2,True
0.31112720434169183,1.076863613078663,1,1.4,0.3,-1.2,True
1.076863613078663,-0.530151176339458,1,1.4,0.3,-1.2,True
-0.530151176339458,0.9295747062398434,1,1.4,0.3,-1.2,True
0.9295747062398434,-0.3687981411750849,1,1.4,0.3,-1.2,True
-0.3687981411750849,1.088455515364076,1,1.4,0.3,-1.2,True
1.088455515364076,-0.7692690148495922,1,1.4,0.3,-1.2,True
-0.7692690148495922,0.498051910518496,1,1.4,0.3,-1.2,True
0.498051910518496,0.42194130774554883,1,1.4,0.3,-1.2,True
0.42194130774554883,0.9001673191007152,1,1.4,0.3,-1.2,True
0.9001673191007152,-0.007839291004091642,1,1.4,0.3,-1.2,True
-0.007839291004091642,1.269964159453389,1,1.4,0.3,-1.2,True
1.269964159453389,-1.2602843401158415,1,1.4,0.3,-1.2,True
-1.2602843401158415,-0.8426540172816939,1,1.4,0.3,-1.2,True
-0.8426540172816939,-0.3721774120121205,1,1.4,0.3,-1.2,True
-0.3721774120121205,0.5532813583986362,1,1.4,0.3,-1.2,True
0.5532813583986362,0.4597784102243476,1,1.4,0.3,-1.2,True
0.4597784102243476,0.8700297464077911,1,1.4,0.3,-1.2,True
0.8700297464077911,0.07820105957913698,1,1.4,0.3,-1.2,True
0.07820105957913698,1.2524473559153178,1,1.4,0.3,-1.2,True
1.2524473559153178,-1.1726138132012376,1,1.4,0.3,-1.2,True
-1.1726138132012376,-0.5492982100998904,1,1.4,0.3,-1.2,True
-0.5492982100998904,0.22579592297310802,1,1.4,0.3,-1.2,True
0.22579592297310802,0.7638332186062441,1,1.4,0.3,-1.2,True
0.7638332186062441,0.25092111670700856,1,1.4,0.3,-1.2,True
0.25092111670700856,1.141003996048584,1,1.4,0.3,-1.2,True
1.141003996048584,-0.7473698315862694,1,1.4,0.3,-1.2,True
-0.7473698315862694,0.5603148675831712,1,1.4,0.3,-1.2,True
0.5603148675831712,0.3362551993554739,1,1.4,0.3,-1.2,True
0.3362551993554739,1.009799877543926,1,1.4,0.3,-1.2,True
1.009799877543926,-0.3266975499561772,1,1.4,0.3,-1.2,True
-0.3266975499561772,1.1535161584568614,1,1.4,0.3,-1.2,True
1.1535161584568614,-0.960848603936358,1,1.4,0.3,-1.2,True
-0.960848603936358,0.05353279197603111,1,1.4,0.3,-1.2,True
0.05353279197603111,0.7077333550756439,1,1.4,0.3,-1.2,True
0.7077333550756439,0.31481873495153084,1,1.4,0.3,-1.2,True
0.31481873495153084,1.073564836295618,1,1.4,0.3,-1.2,True
1.073564836295618,-0.5191124203371528,1,1.4,0.3,-1.2,True
-0.5191124203371528,0.94480066396107,1,1.4,0.3,-1.2,True
0.94480066396107,-0.4054413385709357,1,1.4,0.3,-1.2,True
-0.4054413385709357,1.053304448557252,1,1.4,0.3,-1.2,True
1.053304448557252,-0.6748627674619762,1,1.4,0.3,-1.2,True
-0.6748627674619762,0.6783756776981635,1,1.4,0.3,-1.2,True
0.6783756776981635,0.15327018563198752,1,1.4,0.3,-1.2,True
0.15327018563198752,1.1706242535843197,1,1.4,0.3,-1.2,True
1.1706242535843197,-0.8725245446221873,1,1.4,0.3,-1.2,True
-0.8725245446221873,0.28536856271987854,1,1.4,0.3,-1.2,True
0.28536856271987854,0.6242333333890109,1,1.4,0.3,-1.2,True
0.6242333333890109,0.5400764124964251,1,1.4,0.3,-1.2,True
0.5400764124964251,0.778914456147691,1,1.4,0.3,-1.2,True
0.778914456147691,0.3126321017547331,1,1.4,0.3,-1.2,True
